order_date, order_week, distribution_center, sales_order, pool, item_number, mold, order_quantity, ship_month, week_ship, production_department, cast_completed, cast_shortage, casting_deadline, export_to_ie, pending_export, remarks
2024-11-11 23:57:18,W46,PAN,SO24003869,OEM Replenishment order,297822,,1850.0,Jan,W2,Cell-1,,-1850,,,-1850,
2024-11-11 23:57:21,W46,PAN,SO24003869,OEM Replenishment order,193158C01-50,,50.0,Jan,W2,Cell-5,,-50,,,-50,
2024-11-11 23:57:21,W46,PAN,SO24003869,OEM Replenishment order,193158C01-52,,50.0,Jan,W2,Cell-5,,-50,,,-50,
2024-11-11 23:57:20,W46,PAN,SO24003869,OEM Replenishment order,193158C01-54,,100.0,Jan,W2,Cell-5,,-100,,,-100,
2024-11-11 23:57:21,W46,PAN,SO24003869,OEM Replenishment order,193158C01-56,,100.0,Jan,W2,Cell-5,,-100,,,-100,
2024-11-11 23:57:21,W46,PAN,SO24003869,OEM Replenishment order,193158C01-58,,100.0,Jan,W2,Cell-5,,-100,,,-100,
2024-11-11 23:57:22,W46,PAN,SO24003869,OEM Replenishment order,193158C01-60,,150.0,Jan,W2,Cell-5,,-150,,,-150,
2024-11-11 23:57:17,W46,PAN,SO24003869,OEM Replenishment order,293171C01,,300.0,Jan,W2,Cell-5,,-300,,,-300,
2024-11-11 23:55:30,W46,EDC,SO24003863,OEM Replenishment order,296317CZ,,1650.0,Jan,W2,Cell-5,,-1650,,,-1650,
2024-11-11 23:57:18,W46,PAN,SO24003869,OEM Replenishment order,296317CZ,,2600.0,Jan,W2,Cell-5,,-2600,,,-2600,
2024-11-11 23:58:13,W46,TDC,SO24003872,OEM Replenishment order,296317CZ,,150.0,Jan,W2,Cell-5,,-150,,,-150,
2024-11-11 23:59:33,W46,UKD,SO24003875,OEM Essential Order,296317CZ,,150.0,Jan,W2,Cell-5,,-150,,,-150,
2024-11-11 23:57:18,W46,PAN,SO24003869,OEM Replenishment order,296319CZ,,500.0,Jan,W2,Cell-5,,-500,,,-500,
2024-11-11 23:59:11,W46,UKD,SO24003874,OEM Replenishment order,298307C00,,3000.0,Jan,W2,Cell-5,,-3000,,,-3000,
2024-11-11 23:57:25,W46,PAN,SO24003869,OEM Replenishment order,593317C00-1,,100.0,Jan,W2,Cell-5,,-100,,,-100,
2024-11-11 23:58:21,W46,TDC,SO24003872,OEM Replenishment order,593317C00-2,,150.0,Jan,W2,Cell-5,,-150,,,-150,
2024-11-11 23:58:18,W46,TDC,SO24003872,OEM Replenishment order,593317C00-3,,150.0,Jan,W2,Cell-5,,-150,,,-150,
2024-11-11 23:57:48,W46,PAN,SO24003870,OEM Essential Order,288307,,1950.0,Jan,W2,Cell-5,,-1950,,,-1950,
2024-11-11 23:55:29,W46,EDC,SO24003863,OEM Replenishment order,286317C01,,500.0,Jan,W2,Cell-5,,-500,,,-500,
2024-11-11 23:57:17,W46,PAN,SO24003869,OEM Replenishment order,286317C01,,1150.0,Jan,W2,Cell-5,,-1150,,,-1150,
2024-11-11 23:55:33,W46,EDC,SO24003863,OEM Replenishment order,782433C01,,600.0,Jan,W2,Cell-5,,-600,,,-600,
2024-11-11 23:55:32,W46,EDC,SO24003863,OEM Replenishment order,163157C01-48,,50.0,Jan,W2,Cell-5,,-50,,,-50,
2024-11-11 23:55:33,W46,EDC,SO24003863,OEM Replenishment order,163157C01-58,,100.0,Jan,W2,Cell-5,,-100,,,-100,
2024-11-11 23:58:51,W46,TDC,SO24003873,OEM Essential Order,163262C00-48,,50.0,Jan,W2,Cell-1,,-50,,,-50,
2024-11-11 23:57:22,W46,PAN,SO24003869,OEM Replenishment order,163262C00-50,,50.0,Jan,W2,Cell-1,,-50,,,-50,
2024-11-11 23:58:17,W46,TDC,SO24003872,OEM Replenishment order,163262C00-50,,50.0,Jan,W2,Cell-1,,-50,,,-50,
2024-11-11 23:57:22,W46,PAN,SO24003869,OEM Replenishment order,163262C00-52,,250.0,Jan,W2,Cell-1,,-250,,,-250,
2024-11-11 23:58:17,W46,TDC,SO24003872,OEM Replenishment order,163262C00-52,,50.0,Jan,W2,Cell-1,,-50,,,-50,
2024-11-11 23:59:12,W46,UKD,SO24003874,OEM Replenishment order,163262C00-52,,50.0,Jan,W2,Cell-1,,-50,,,-50,
2024-11-11 23:57:22,W46,PAN,SO24003869,OEM Replenishment order,163262C00-54,,550.0,Jan,W2,Cell-1,,-550,,,-550,
2024-11-11 23:57:22,W46,PAN,SO24003869,OEM Replenishment order,163262C00-56,,400.0,Jan,W2,Cell-1,,-400,,,-400,
2024-11-11 23:58:48,W46,TDC,SO24003873,OEM Essential Order,163262C00-56,,50.0,Jan,W2,Cell-1,,-50,,,-50,
2024-11-11 23:59:12,W46,UKD,SO24003874,OEM Replenishment order,163262C00-56,,200.0,Jan,W2,Cell-1,,-200,,,-200,
2024-11-11 23:57:22,W46,PAN,SO24003869,OEM Replenishment order,163262C00-58,,200.0,Jan,W2,Cell-1,,-200,,,-200,
2024-11-11 23:58:17,W46,TDC,SO24003872,OEM Replenishment order,163262C00-58,,100.0,Jan,W2,Cell-1,,-100,,,-100,
2024-11-11 23:57:22,W46,PAN,SO24003869,OEM Replenishment order,163262C00-60,,350.0,Jan,W2,Cell-1,,-350,,,-350,
2024-11-11 23:58:49,W46,TDC,SO24003873,OEM Essential Order,163262C00-60,,50.0,Jan,W2,Cell-1,,-50,,,-50,
2024-11-11 23:57:22,W46,PAN,SO24003869,OEM Replenishment order,163285C01-50,,50.0,Jan,W2,Cell-1,,-50,,,-50,
2024-11-11 23:56:26,W46,EDC,SO24003865,OEM Essential Order,163285C01-54,,50.0,Jan,W2,Cell-1,,-50,,,-50,
2024-11-11 23:57:23,W46,PAN,SO24003869,OEM Replenishment order,163285C01-56,,100.0,Jan,W2,Cell-1,,-100,,,-100,
2024-11-11 23:57:23,W46,PAN,SO24003869,OEM Replenishment order,163285C01-58,,150.0,Jan,W2,Cell-1,,-150,,,-150,
2024-11-11 23:57:23,W46,PAN,SO24003869,OEM Replenishment order,163285C01-60,,200.0,Jan,W2,Cell-1,,-200,,,-200,
2024-11-11 23:57:23,W46,PAN,SO24003869,OEM Replenishment order,163288C00-48,,100.0,Jan,W2,Cell-5,,-100,,,-100,
2024-11-11 23:58:17,W46,TDC,SO24003872,OEM Replenishment order,163288C00-48,,100.0,Jan,W2,Cell-5,,-100,,,-100,
2024-11-11 23:57:23,W46,PAN,SO24003869,OEM Replenishment order,163288C00-50,,150.0,Jan,W2,Cell-5,,-150,,,-150,
2024-11-11 23:58:17,W46,TDC,SO24003872,OEM Replenishment order,163288C00-50,,150.0,Jan,W2,Cell-5,,-150,,,-150,
2024-11-11 23:55:34,W46,EDC,SO24003863,OEM Replenishment order,163288C00-52,,100.0,Jan,W2,Cell-5,,-100,,,-100,
2024-11-11 23:57:23,W46,PAN,SO24003869,OEM Replenishment order,163288C00-52,,200.0,Jan,W2,Cell-5,,-200,,,-200,
2024-11-11 23:59:13,W46,UKD,SO24003874,OEM Replenishment order,163288C00-52,,50.0,Jan,W2,Cell-5,,-50,,,-50,
2024-11-11 23:57:23,W46,PAN,SO24003869,OEM Replenishment order,163288C00-54,,550.0,Jan,W2,Cell-5,,-550,,,-550,
2024-11-11 23:58:17,W46,TDC,SO24003872,OEM Replenishment order,163288C00-54,,100.0,Jan,W2,Cell-5,,-100,,,-100,
2024-11-11 23:59:13,W46,UKD,SO24003874,OEM Replenishment order,163288C00-54,,50.0,Jan,W2,Cell-5,,-50,,,-50,
2024-11-11 23:57:23,W46,PAN,SO24003869,OEM Replenishment order,163288C00-56,,350.0,Jan,W2,Cell-5,,-350,,,-350,
2024-11-11 23:58:49,W46,TDC,SO24003873,OEM Essential Order,163288C00-56,,50.0,Jan,W2,Cell-5,,-50,,,-50,
2024-11-11 23:55:34,W46,EDC,SO24003863,OEM Replenishment order,163288C00-58,,400.0,Jan,W2,Cell-5,,-400,,,-400,
2024-11-11 23:58:17,W46,TDC,SO24003872,OEM Replenishment order,163288C00-58,,50.0,Jan,W2,Cell-5,,-50,,,-50,
2024-11-11 23:57:23,W46,PAN,SO24003869,OEM Replenishment order,163288C00-60,,150.0,Jan,W2,Cell-5,,-150,,,-150,
2024-11-11 23:58:17,W46,TDC,SO24003872,OEM Replenishment order,163288C00-60,,100.0,Jan,W2,Cell-5,,-100,,,-100,
2024-11-11 23:57:17,W46,PAN,SO24003869,OEM Replenishment order,263002C01,,1050.0,Jan,W2,Cell-5,,-1050,,,-1050,
2024-11-11 23:57:48,W46,PAN,SO24003870,OEM Essential Order,263015C01,,2600.0,Jan,W2,Cell-5,,-2600,,,-2600,
2024-11-11 23:57:24,W46,PAN,SO24003869,OEM Replenishment order,263280C00,,700.0,Jan,W2,Cell-5,,-700,,,-700,
2024-11-11 23:57:24,W46,PAN,SO24003869,OEM Replenishment order,263287C00,,150.0,Jan,W2,Cell-5,,-150,,,-150,
2024-11-11 23:55:34,W46,EDC,SO24003863,OEM Replenishment order,263308C00,,1850.0,Jan,W2,Cell-5,,-1850,,,-1850,
2024-11-11 23:57:24,W46,PAN,SO24003869,OEM Replenishment order,263308C00,,50.0,Jan,W2,Cell-5,,-50,,,-50,
2024-11-11 23:58:18,W46,TDC,SO24003872,OEM Replenishment order,263308C00,,150.0,Jan,W2,Cell-5,,-150,,,-150,
2024-11-11 23:55:28,W46,EDC,SO24003863,OEM Replenishment order,266317C01,,100.0,Jan,W2,Cell-5,,-100,,,-100,
2024-11-11 23:57:48,W46,PAN,SO24003870,OEM Essential Order,266317C01,,3550.0,Jan,W2,Cell-5,,-3550,,,-3550,
2024-11-11 23:58:13,W46,TDC,SO24003872,OEM Replenishment order,266317C01,,550.0,Jan,W2,Cell-5,,-550,,,-550,
2024-11-11 23:58:13,W46,TDC,SO24003872,OEM Replenishment order,368638C00-60,,100.0,Jan,W2,Cell-1,,-100,,,-100,
2024-11-11 23:59:12,W46,UKD,SO24003874,OEM Replenishment order,368638C00-60,,650.0,Jan,W2,Cell-1,,-650,,,-650,
2024-11-11 23:55:35,W46,EDC,SO24003863,OEM Replenishment order,563302C00-1,,50.0,Jan,W2,Cell-1,,-50,,,-50,
2024-11-11 23:58:18,W46,TDC,SO24003872,OEM Replenishment order,563302C00-1,,100.0,Jan,W2,Cell-1,,-100,,,-100,
2024-11-11 23:57:25,W46,PAN,SO24003869,OEM Replenishment order,563302C00-2,,150.0,Jan,W2,Cell-1,,-150,,,-150,
2024-11-11 23:57:24,W46,PAN,SO24003869,OEM Replenishment order,563302C00-3,,150.0,Jan,W2,Cell-1,,-150,,,-150,
2024-11-11 23:58:18,W46,TDC,SO24003872,OEM Replenishment order,563302C00-3,,50.0,Jan,W2,Cell-1,,-50,,,-50,
2024-11-11 23:57:24,W46,PAN,SO24003869,OEM Replenishment order,563317C00-1,,150.0,Jan,W2,Cell-5,,-150,,,-150,
2024-11-11 23:58:18,W46,TDC,SO24003872,OEM Replenishment order,563317C00-1,,200.0,Jan,W2,Cell-5,,-200,,,-200,
2024-11-11 23:57:24,W46,PAN,SO24003869,OEM Replenishment order,563317C00-2,,500.0,Jan,W2,Cell-5,,-500,,,-500,
2024-11-11 23:58:18,W46,TDC,SO24003872,OEM Replenishment order,563317C00-2,,500.0,Jan,W2,Cell-5,,-500,,,-500,
2024-11-11 23:59:13,W46,UKD,SO24003874,OEM Replenishment order,563317C00-2,,100.0,Jan,W2,Cell-5,,-100,,,-100,
2024-11-11 23:57:24,W46,PAN,SO24003869,OEM Replenishment order,563317C00-3,,150.0,Jan,W2,Cell-5,,-150,,,-150,
2024-11-11 23:58:18,W46,TDC,SO24003872,OEM Replenishment order,563317C00-3,,300.0,Jan,W2,Cell-5,,-300,,,-300,
2024-11-11 23:56:26,W46,EDC,SO24003865,OEM Essential Order,760765C01,,700.0,Jan,W2,Cell-5,,-700,,,-700,
2024-11-11 23:55:33,W46,EDC,SO24003863,OEM Replenishment order,762435C01,,1750.0,Jan,W2,Cell-1,,-1750,,,-1750,
2024-11-11 23:58:17,W46,TDC,SO24003872,OEM Replenishment order,762435C01,,50.0,Jan,W2,Cell-1,,-50,,,-50,
2024-11-11 23:55:32,W46,EDC,SO24003863,OEM Replenishment order,762825C01,,1000.0,Jan,W2,Cell-5,,-1000,,,-1000,
2024-11-11 23:57:25,W46,PAN,SO24003869,OEM Replenishment order,763366C01,,1400.0,Jan,W2,Cell-5,,-1400,,,-1400,
2024-11-11 18:55:37,W46,EDC,SO24003825,OEM 2025 Cycle B Essence Pre ship,263807C00,,3060.0,Jan,W2,Cell-1,,-3060,,,-3060,
2024-11-11 18:56:09,W46,PAN,SO24003826,OEM 2025 Cycle B Essence Pre ship,263807C00,,695.0,Jan,W2,Cell-1,,-695,,,-695,
2024-11-11 18:56:30,W46,PAN,SO24003827,OEM 2025 Cycle B Essence Global MF,263807C00,,5491.0,Jan,W4,Cell-5,,-5491,,,-5491,
2024-11-11 18:56:48,W46,PAN,SO24003828,OEM 2025 Cycle B Essence Global MF,263807C00,,1240.0,Jan,W4,Cell-5,,-1240,,,-1240,
2024-11-11 19:15:26,W46,EDC,SO24003836,OEM 2025 Cycle B Essence Global MF,263807C00,,7148.0,Jan,W4,Cell-5,,-7148,,,-7148,
2024-11-11 19:15:44,W46,EDC,SO24003837,OEM 2025 Cycle B Essence Global MF,263807C00,,2377.0,Jan,W4,Cell-5,,-2377,,,-2377,
2024-11-11 19:15:58,W46,TDC,SO24003838,OEM 2025 Cycle B Essence Pre ship,263807C00,,503.0,Jan,W2,Cell-5,,-503,,,-503,
2024-11-11 19:16:19,W46,TDC,SO24003839,OEM 2025 Cycle B Essence Global MF,263807C00,,2168.0,Jan,W4,Cell-5,,-2168,,,-2168,
2024-11-11 19:16:39,W46,TDC,SO24003840,OEM 2025 Cycle B Essence Global MF,263807C00,,240.0,Jan,W4,Cell-5,,-240,,,-240,
2024-11-11 19:17:11,W46,UKD,SO24003841,OEM 2025 Cycle B Essence Global MF,263807C00,,1783.0,Jan,W4,Cell-5,,-1783,,,-1783,
2024-11-11 19:17:39,W46,UKD,SO24003842,OEM 2025 Cycle B Essence Global MF,263807C00,,419.0,Jan,W4,Cell-5,,-419,,,-419,
2024-11-11 18:55:38,W46,EDC,SO24003825,OEM 2025 Cycle B Essence Pre ship,563808C00-1,,838.0,Jan,W2,Cell-5,,-838,,,-838,
2024-11-11 18:56:09,W46,PAN,SO24003826,OEM 2025 Cycle B Essence Pre ship,563808C00-1,,273.0,Jan,W2,Cell-1,,-273,,,-273,
2024-11-11 18:56:30,W46,PAN,SO24003827,OEM 2025 Cycle B Essence Global MF,563808C00-1,,1255.0,Jan,W4,Cell-1,,-1255,,,-1255,
2024-11-11 18:56:48,W46,PAN,SO24003828,OEM 2025 Cycle B Essence Global MF,563808C00-1,,294.0,Jan,W4,Cell-5,,-294,,,-294,
2024-11-11 19:15:27,W46,EDC,SO24003836,OEM 2025 Cycle B Essence Global MF,563808C00-1,,2203.0,Jan,W4,Cell-5,,-2203,,,-2203,
2024-11-11 19:15:44,W46,EDC,SO24003837,OEM 2025 Cycle B Essence Global MF,563808C00-1,,818.0,Jan,W4,Cell-5,,-818,,,-818,
2024-11-11 19:15:58,W46,TDC,SO24003838,OEM 2025 Cycle B Essence Pre ship,563808C00-1,,206.0,Jan,W2,Cell-5,,-206,,,-206,
2024-11-11 19:16:19,W46,TDC,SO24003839,OEM 2025 Cycle B Essence Global MF,563808C00-1,,502.0,Jan,W4,Cell-5,,-502,,,-502,
2024-11-11 19:16:39,W46,TDC,SO24003840,OEM 2025 Cycle B Essence Global MF,563808C00-1,,53.0,Jan,W4,Cell-5,,-53,,,-53,
2024-11-11 19:17:11,W46,UKD,SO24003841,OEM 2025 Cycle B Essence Global MF,563808C00-1,,826.0,Jan,W4,Cell-5,,-826,,,-826,
2024-11-11 19:17:39,W46,UKD,SO24003842,OEM 2025 Cycle B Essence Global MF,563808C00-1,,113.0,Jan,W4,Cell-5,,-113,,,-113,
2024-11-11 18:55:38,W46,EDC,SO24003825,OEM 2025 Cycle B Essence Pre ship,563808C00-2,,1455.0,Jan,W2,Cell-5,,-1455,,,-1455,
2024-11-11 18:56:09,W46,PAN,SO24003826,OEM 2025 Cycle B Essence Pre ship,563808C00-2,,494.0,Jan,W2,Cell-1,,-494,,,-494,
2024-11-11 18:56:30,W46,PAN,SO24003827,OEM 2025 Cycle B Essence Global MF,563808C00-2,,2007.0,Jan,W4,Cell-1,,-2007,,,-2007,
2024-11-11 18:56:49,W46,PAN,SO24003828,OEM 2025 Cycle B Essence Global MF,563808C00-2,,380.0,Jan,W4,Cell-1,,-380,,,-380,
2024-11-11 19:15:27,W46,EDC,SO24003836,OEM 2025 Cycle B Essence Global MF,563808C00-2,,4886.0,Jan,W4,Cell-5,,-4886,,,-4886,
2024-11-11 19:15:44,W46,EDC,SO24003837,OEM 2025 Cycle B Essence Global MF,563808C00-2,,1690.0,Jan,W4,Cell-5,,-1690,,,-1690,
2024-11-11 19:15:58,W46,TDC,SO24003838,OEM 2025 Cycle B Essence Pre ship,563808C00-2,,365.0,Jan,W2,Cell-5,,-365,,,-365,
2024-11-11 19:16:19,W46,TDC,SO24003839,OEM 2025 Cycle B Essence Global MF,563808C00-2,,946.0,Jan,W4,Cell-5,,-946,,,-946,
2024-11-11 19:16:39,W46,TDC,SO24003840,OEM 2025 Cycle B Essence Global MF,563808C00-2,,77.0,Jan,W4,Cell-5,,-77,,,-77,
2024-11-11 19:17:11,W46,UKD,SO24003841,OEM 2025 Cycle B Essence Global MF,563808C00-2,,1178.0,Jan,W4,Cell-5,,-1178,,,-1178,
2024-11-11 19:17:39,W46,UKD,SO24003842,OEM 2025 Cycle B Essence Global MF,563808C00-2,,181.0,Jan,W4,Cell-5,,-181,,,-181,
2024-11-11 18:55:38,W46,EDC,SO24003825,OEM 2025 Cycle B Essence Pre ship,563808C00-3,,748.0,Jan,W2,Cell-1,,-748,,,-748,
2024-11-11 18:56:09,W46,PAN,SO24003826,OEM 2025 Cycle B Essence Pre ship,563808C00-3,,142.0,Jan,W2,Cell-1,,-142,,,-142,
2024-11-11 18:56:30,W46,PAN,SO24003827,OEM 2025 Cycle B Essence Global MF,563808C00-3,,693.0,Jan,W4,Cell-5,,-693,,,-693,
2024-11-11 18:56:49,W46,PAN,SO24003828,OEM 2025 Cycle B Essence Global MF,563808C00-3,,173.0,Jan,W4,Cell-1,,-173,,,-173,
2024-11-11 19:15:27,W46,EDC,SO24003836,OEM 2025 Cycle B Essence Global MF,563808C00-3,,1871.0,Jan,W4,Cell-5,,-1871,,,-1871,
2024-11-11 19:15:44,W46,EDC,SO24003837,OEM 2025 Cycle B Essence Global MF,563808C00-3,,681.0,Jan,W4,Cell-5,,-681,,,-681,
2024-11-11 19:15:58,W46,TDC,SO24003838,OEM 2025 Cycle B Essence Pre ship,563808C00-3,,50.0,Jan,W2,Cell-5,,-50,,,-50,
2024-11-11 19:16:19,W46,TDC,SO24003839,OEM 2025 Cycle B Essence Global MF,563808C00-3,,395.0,Jan,W4,Cell-5,,-395,,,-395,
2024-11-11 19:16:40,W46,TDC,SO24003840,OEM 2025 Cycle B Essence Global MF,563808C00-3,,50.0,Jan,W4,Cell-5,,-50,,,-50,
2024-11-11 19:17:11,W46,UKD,SO24003841,OEM 2025 Cycle B Essence Global MF,563808C00-3,,1102.0,Jan,W4,Cell-5,,-1102,,,-1102,
2024-11-11 19:17:39,W46,UKD,SO24003842,OEM 2025 Cycle B Essence Global MF,563808C00-3,,76.0,Jan,W4,Cell-5,,-76,,,-76,
2024-11-19 00:00:00,W47,PAN,SO24003984,OEM Essential Order,193158C01-50,,50.0,Jan,W3,Cell-5,,-50,,,-50,
2024-11-19 00:00:00,W47,PAN,SO24003983,OEM Replenishment order,193158C01-52,,50.0,Jan,W3,Cell-5,,-50,,,-50,
2024-11-19 00:00:00,W47,UKD,SO24003961,OEM Replenishment order,193158C01-54,,50.0,Jan,W3,Cell-5,,-50,,,-50,
2024-11-19 00:00:00,W47,PAN,SO24003983,OEM Replenishment order,193158C01-54,,100.0,Jan,W3,Cell-5,,-100,,,-100,
2024-11-19 00:00:00,W47,PAN,SO24003983,OEM Replenishment order,193158C01-56,,100.0,Jan,W3,Cell-5,,-100,,,-100,
2024-11-19 00:00:00,W47,PAN,SO24003983,OEM Replenishment order,193158C01-58,,100.0,Jan,W3,Cell-5,,-100,,,-100,
2024-11-19 00:00:00,W47,PAN,SO24003983,OEM Replenishment order,193158C01-60,,150.0,Jan,W3,Cell-5,,-150,,,-150,
2024-11-19 00:00:00,W47,TDC,SO24003960,OEM Essential Order,196316CZ-64,,200.0,Jan,W2,Cell-5,,-200,,,-200,
2024-11-19 00:00:00,W47,PAN,SO24003983,OEM Replenishment order,196316CZ-64,,200.0,Jan,W2,Cell-5,,-200,,,-200,
2024-11-19 00:00:00,W47,PAN,SO24003983,OEM Replenishment order,293171C01,,300.0,Jan,W3,Cell-5,,-300,,,-300,
2024-11-19 00:00:00,W47,EDC,SO24003955,OEM Replenishment order,296317CZ,,1950.0,Jan,W3,Cell-5,,-1950,,,-1950,
2024-11-19 00:00:00,W47,TDC,SO24003959,OEM Replenishment order,296317CZ,,600.0,Jan,W3,Cell-5,,-600,,,-600,
2024-11-19 00:00:00,W47,UKD,SO24003961,OEM Replenishment order,296317CZ,,1000.0,Jan,W3,Cell-5,,-1000,,,-1000,
2024-11-19 00:00:00,W47,PAN,SO24003983,OEM Replenishment order,296317CZ,,2450.0,Jan,W3,Cell-5,,-2450,,,-2450,
2024-11-19 00:00:00,W47,EDC,SO24003957,OEM Essential Order,296319CZ,,350.0,Jan,W3,Cell-5,,-350,,,-350,
2024-11-19 00:00:00,W47,PAN,SO24003983,OEM Replenishment order,296319CZ,,300.0,Jan,W3,Cell-5,,-300,,,-300,
2024-11-19 00:00:00,W47,PAN,SO24003984,OEM Essential Order,298307C00,,2550.0,Jan,W3,Cell-5,,-2550,,,-2550,
2024-11-19 00:00:00,W47,PAN,SO24003983,OEM Replenishment order,593317C00-1,,100.0,Jan,W3,Cell-5,,-100,,,-100,
2024-11-19 00:00:00,W47,TDC,SO24003959,OEM Replenishment order,593317C00-2,,50.0,Jan,W3,Cell-5,,-50,,,-50,
2024-11-19 00:00:00,W47,UKD,SO24003961,OEM Replenishment order,593317C00-2,,100.0,Jan,W3,Cell-5,,-100,,,-100,
2024-11-19 00:00:00,W47,UKD,SO24003961,OEM Replenishment order,593317C00-3,,50.0,Jan,W3,Cell-5,,-50,,,-50,
2024-11-19 00:00:00,W47,TDC,SO24003960,OEM Essential Order,792323C01,,50.0,Jan,W3,Cell-5,,-50,,,-50,
2024-11-19 00:00:00,W47,PAN,SO24003983,OEM Replenishment order,288307,,1850.0,Jan,W3,Cell-5,,-1850,,,-1850,
2024-11-19 00:00:00,W47,EDC,SO24003955,OEM Replenishment order,286317C01,,200.0,Jan,W3,Cell-5,,-200,,,-200,
2024-11-19 00:00:00,W47,TDC,SO24003959,OEM Replenishment order,286317C01,,300.0,Jan,W3,Cell-5,,-300,,,-300,
2024-11-19 00:00:00,W47,PAN,SO24003983,OEM Replenishment order,286317C01,,1050.0,Jan,W3,Cell-5,,-1050,,,-1050,
2024-11-19 00:00:00,W47,TDC,SO24003959,OEM Replenishment order,286318CZ,,100.0,Jan,W3,Cell-1,,-100,,,-100,
2024-11-19 00:00:00,W47,TDC,SO24003959,OEM Replenishment order,382489C01-45,,50.0,Jan,W3,Cell-1,,-50,,,-50,
2024-11-19 00:00:00,W47,TDC,SO24003959,OEM Replenishment order,163262C00-52,,50.0,Jan,W3,Cell-1,,-50,,,-50,
2024-11-19 00:00:00,W47,UKD,SO24003961,OEM Replenishment order,163262C00-52,,150.0,Jan,W3,Cell-1,,-150,,,-150,
2024-11-19 00:00:00,W47,PAN,SO24003984,OEM Essential Order,163262C00-52,,200.0,Jan,W3,Cell-1,,-200,,,-200,
2024-11-19 00:00:00,W47,TDC,SO24003959,OEM Replenishment order,163262C00-54,,50.0,Jan,W3,Cell-1,,-50,,,-50,
2024-11-19 00:00:00,W47,UKD,SO24003961,OEM Replenishment order,163262C00-54,,200.0,Jan,W3,Cell-1,,-200,,,-200,
2024-11-19 00:00:00,W47,PAN,SO24003983,OEM Replenishment order,163262C00-54,,500.0,Jan,W3,Cell-1,,-500,,,-500,
2024-11-19 00:00:00,W47,TDC,SO24003959,OEM Replenishment order,163262C00-56,,100.0,Jan,W3,Cell-1,,-100,,,-100,
2024-11-19 00:00:00,W47,UKD,SO24003961,OEM Replenishment order,163262C00-56,,50.0,Jan,W3,Cell-1,,-50,,,-50,
2024-11-19 00:00:00,W47,PAN,SO24003983,OEM Replenishment order,163262C00-56,,350.0,Jan,W3,Cell-1,,-350,,,-350,
2024-11-19 00:00:00,W47,TDC,SO24003959,OEM Replenishment order,163262C00-58,,50.0,Jan,W3,Cell-1,,-50,,,-50,
2024-11-19 00:00:00,W47,PAN,SO24003983,OEM Replenishment order,163262C00-58,,200.0,Jan,W3,Cell-1,,-200,,,-200,
2024-11-19 00:00:00,W47,TDC,SO24003959,OEM Replenishment order,163262C00-60,,50.0,Jan,W3,Cell-1,,-50,,,-50,
2024-11-19 00:00:00,W47,PAN,SO24003983,OEM Replenishment order,163262C00-60,,350.0,Jan,W3,Cell-1,,-350,,,-350,
2024-11-19 00:00:00,W47,TDC,SO24003959,OEM Replenishment order,163285C01-48,,50.0,Jan,W3,Cell-1,,-50,,,-50,
2024-11-19 00:00:00,W47,PAN,SO24003983,OEM Replenishment order,163285C01-50,,50.0,Jan,W3,Cell-1,,-50,,,-50,
2024-11-19 00:00:00,W47,PAN,SO24003983,OEM Replenishment order,163285C01-56,,100.0,Jan,W3,Cell-1,,-100,,,-100,
2024-11-19 00:00:00,W47,EDC,SO24003955,OEM Replenishment order,163285C01-58,,100.0,Jan,W3,Cell-1,,-100,,,-100,
2024-11-19 00:00:00,W47,PAN,SO24003983,OEM Replenishment order,163285C01-58,,150.0,Jan,W3,Cell-1,,-150,,,-150,
2024-11-19 00:00:00,W47,TDC,SO24003959,OEM Replenishment order,163285C01-60,,50.0,Jan,W3,Cell-1,,-50,,,-50,
2024-11-19 00:00:00,W47,PAN,SO24003983,OEM Replenishment order,163285C01-60,,200.0,Jan,W3,Cell-1,,-200,,,-200,
2024-11-19 00:00:00,W47,EDC,SO24003955,OEM Replenishment order,163288C00-48,,50.0,Jan,W3,Cell-5,,-50,,,-50,
2024-11-19 00:00:00,W47,PAN,SO24003983,OEM Replenishment order,163288C00-48,,100.0,Jan,W3,Cell-5,,-100,,,-100,
2024-11-19 00:00:00,W47,EDC,SO24003955,OEM Replenishment order,163288C00-50,,400.0,Jan,W3,Cell-5,,-400,,,-400,
2024-11-19 00:00:00,W47,PAN,SO24003983,OEM Replenishment order,163288C00-50,,150.0,Jan,W3,Cell-5,,-150,,,-150,
2024-11-19 00:00:00,W47,EDC,SO24003955,OEM Replenishment order,163288C00-52,,750.0,Jan,W3,Cell-5,,-750,,,-750,
2024-11-19 00:00:00,W47,PAN,SO24003983,OEM Replenishment order,163288C00-52,,150.0,Jan,W3,Cell-5,,-150,,,-150,
2024-11-19 00:00:00,W47,UKD,SO24003961,OEM Replenishment order,163288C00-54,,50.0,Jan,W3,Cell-5,,-50,,,-50,
2024-11-19 00:00:00,W47,PAN,SO24003983,OEM Replenishment order,163288C00-54,,450.0,Jan,W3,Cell-5,,-450,,,-450,
2024-11-19 00:00:00,W47,EDC,SO24003955,OEM Replenishment order,163288C00-56,,250.0,Jan,W3,Cell-5,,-250,,,-250,
2024-11-19 00:00:00,W47,UKD,SO24003961,OEM Replenishment order,163288C00-56,,50.0,Jan,W3,Cell-5,,-50,,,-50,
2024-11-19 00:00:00,W47,PAN,SO24003983,OEM Replenishment order,163288C00-56,,300.0,Jan,W3,Cell-5,,-300,,,-300,
2024-11-19 00:00:00,W47,EDC,SO24003955,OEM Replenishment order,163288C00-58,,400.0,Jan,W3,Cell-5,,-400,,,-400,
2024-11-19 00:00:00,W47,PAN,SO24003983,OEM Replenishment order,163288C00-58,,250.0,Jan,W3,Cell-5,,-250,,,-250,
2024-11-19 00:00:00,W47,PAN,SO24003983,OEM Replenishment order,163288C00-60,,100.0,Jan,W3,Cell-5,,-100,,,-100,
2024-11-19 00:00:00,W47,EDC,SO24003955,OEM Replenishment order,169591C00-52,,100.0,Jan,W3,Cell-5,,-100,,,-100,
2024-11-19 00:00:00,W47,EDC,SO24003955,OEM Replenishment order,169591C00-54,,50.0,Jan,W3,Cell-5,,-50,,,-50,
2024-11-19 00:00:00,W47,EDC,SO24003955,OEM Replenishment order,169591C00-56,,100.0,Jan,W3,Cell-5,,-100,,,-100,
2024-11-19 00:00:00,W47,EDC,SO24003957,OEM Essential Order,263002C01,,800.0,Jan,W3,Cell-5,,-800,,,-800,
2024-11-19 00:00:00,W47,PAN,SO24003983,OEM Replenishment order,263015C01,,2400.0,Jan,W3,Cell-5,,-2400,,,-2400,
2024-11-19 00:00:00,W47,EDC,SO24003955,OEM Replenishment order,263280C00,,200.0,Jan,W3,Cell-5,,-200,,,-200,
2024-11-19 00:00:00,W47,PAN,SO24003983,OEM Replenishment order,263280C00,,650.0,Jan,W3,Cell-5,,-650,,,-650,
2024-11-19 00:00:00,W47,EDC,SO24003957,OEM Essential Order,263308C00,,400.0,Jan,W3,Cell-5,,-400,,,-400,
2024-11-19 00:00:00,W47,PAN,SO24003983,OEM Replenishment order,263308C00,,50.0,Jan,W3,Cell-5,,-50,,,-50,
2024-11-19 00:00:00,W47,EDC,SO24003955,OEM Replenishment order,266317C01,,400.0,Jan,W3,Cell-5,,-400,,,-400,
2024-11-19 00:00:00,W47,UKD,SO24003961,OEM Replenishment order,266317C01,,450.0,Jan,W3,Cell-5,,-450,,,-450,
2024-11-19 00:00:00,W47,PAN,SO24003983,OEM Replenishment order,266317C01,,3350.0,Jan,W3,Cell-5,,-3350,,,-3350,
2024-11-19 00:00:00,W47,TDC,SO24003960,OEM Essential Order,368638C00-60,,50.0,Jan,W3,Cell-1,,-50,,,-50,
2024-11-19 00:00:00,W47,PAN,SO24003983,OEM Replenishment order,563302C00-2,,100.0,Jan,W3,Cell-1,,-100,,,-100,
2024-11-19 00:00:00,W47,EDC,SO24003955,OEM Replenishment order,563302C00-3,,100.0,Jan,W3,Cell-1,,-100,,,-100,
2024-11-19 00:00:00,W47,PAN,SO24003983,OEM Replenishment order,563302C00-3,,150.0,Jan,W3,Cell-1,,-150,,,-150,
2024-11-19 00:00:00,W47,PAN,SO24003983,OEM Replenishment order,563317C00-1,,150.0,Jan,W3,Cell-1,,-150,,,-150,
2024-11-19 00:00:00,W47,TDC,SO24003959,OEM Replenishment order,563317C00-2,,150.0,Jan,W3,Cell-1,,-150,,,-150,
2024-11-19 00:00:00,W47,PAN,SO24003983,OEM Replenishment order,563317C00-2,,450.0,Jan,W3,Cell-1,,-450,,,-450,
2024-11-19 00:00:00,W47,PAN,SO24003983,OEM Replenishment order,563317C00-3,,150.0,Jan,W3,Cell-1,,-150,,,-150,
2024-11-19 00:00:00,W47,EDC,SO24003955,OEM Replenishment order,760765C01,,650.0,Jan,W3,Cell-5,,-650,,,-650,
2024-11-19 00:00:00,W47,EDC,SO24003957,OEM Essential Order,762825C01,,450.0,Jan,W3,Cell-5,,-450,,,-450,
2024-11-19 00:00:00,W47,PAN,SO24003983,OEM Replenishment order,763366C01,,1350.0,Jan,W3,Cell-5,,-1350,,,-1350,
2024-11-19 00:00:00,W47,UKD,SO24003961,OEM Replenishment order,763666C00,,100.0,Jan,W3,Cell-5,,-100,,,-100,
2024-11-19 00:00:00,W47,EDC,SO24003955,OEM Replenishment order,763624C01,,1600.0,Jan,W3,Cell-5,,-1600,,,-1600,
2024-11-26 00:17:43,W48,PAN,SO24004037,OEM Replenishment order,193158C01-52,,50.0,Jan,W4,Cell-5,,-50,,,-50,
2024-11-26 00:17:42,W48,PAN,SO24004037,OEM Replenishment order,193158C01-54,,50.0,Jan,W4,Cell-5,,-50,,,-50,
2024-11-26 00:17:32,W48,PAN,SO24004037,OEM Replenishment order,196316CZ-64,,500.0,Jan,W3,Cell-5,,-500,,,-500,
2024-11-26 00:18:35,W48,TDC,SO24004040,OEM Replenishment order,196316CZ-64,,50.0,Jan,W3,Cell-5,,-50,,,-50,
2024-11-26 00:17:38,W48,PAN,SO24004037,OEM Replenishment order,296317CZ,,1550.0,Jan,W4,Cell-5,,-1550,,,-1550,
2024-11-26 00:18:36,W48,TDC,SO24004040,OEM Replenishment order,296317CZ,,700.0,Jan,W4,Cell-5,,-700,,,-700,
2024-11-26 00:19:33,W48,UKD,SO24004042,OEM Replenishment order,296317CZ,,1600.0,Jan,W4,Cell-5,,-1600,,,-1600,
2024-11-26 00:17:38,W48,PAN,SO24004037,OEM Replenishment order,296319CZ,,350.0,Jan,W4,Cell-5,,-350,,,-350,
2024-11-26 00:18:41,W48,TDC,SO24004040,OEM Replenishment order,593317C00-2,,150.0,Jan,W4,Cell-5,,-150,,,-150,
2024-11-26 00:17:47,W48,PAN,SO24004037,OEM Replenishment order,593317C00-3,,100.0,Jan,W4,Cell-5,,-100,,,-100,
2024-11-26 00:18:37,W48,TDC,SO24004040,OEM Replenishment order,792323C01,,50.0,Jan,W4,Cell-5,,-50,,,-50,
2024-11-26 00:18:36,W48,TDC,SO24004040,OEM Replenishment order,286317C01,,150.0,Jan,W4,Cell-5,,-150,,,-150,
2024-11-26 00:18:38,W48,TDC,SO24004040,OEM Replenishment order,163157C01-54,,50.0,Jan,W4,Cell-5,,-50,,,-50,
2024-11-26 00:18:38,W48,TDC,SO24004040,OEM Replenishment order,163157C01-60,,50.0,Jan,W4,Cell-5,,-50,,,-50,
2024-11-26 00:18:42,W48,TDC,SO24004040,OEM Replenishment order,163262C00-48,,50.0,Jan,W4,Cell-1,,-50,,,-50,
2024-11-26 00:17:43,W48,PAN,SO24004037,OEM Replenishment order,163262C00-50,,200.0,Jan,W4,Cell-1,,-200,,,-200,
2024-11-26 00:17:43,W48,PAN,SO24004037,OEM Replenishment order,163262C00-52,,250.0,Jan,W4,Cell-1,,-250,,,-250,
2024-11-26 00:17:43,W48,PAN,SO24004037,OEM Replenishment order,163262C00-54,,300.0,Jan,W4,Cell-1,,-300,,,-300,
2024-11-26 00:17:43,W48,PAN,SO24004037,OEM Replenishment order,163262C00-56,,250.0,Jan,W4,Cell-1,,-250,,,-250,
2024-11-26 00:17:44,W48,PAN,SO24004037,OEM Replenishment order,163262C00-58,,50.0,Jan,W4,Cell-1,,-50,,,-50,
2024-11-26 00:18:39,W48,TDC,SO24004040,OEM Replenishment order,163262C00-58,,50.0,Jan,W4,Cell-1,,-50,,,-50,
2024-11-26 00:17:44,W48,PAN,SO24004037,OEM Replenishment order,163288C00-48,,100.0,Jan,W4,Cell-5,,-100,,,-100,
2024-11-26 00:17:44,W48,PAN,SO24004037,OEM Replenishment order,163288C00-50,,250.0,Jan,W4,Cell-5,,-250,,,-250,
2024-11-26 00:17:44,W48,PAN,SO24004037,OEM Replenishment order,163288C00-52,,550.0,Jan,W4,Cell-5,,-550,,,-550,
2024-11-26 00:18:39,W48,TDC,SO24004040,OEM Replenishment order,163288C00-52,,50.0,Jan,W4,Cell-5,,-50,,,-50,
2024-11-26 00:17:44,W48,PAN,SO24004037,OEM Replenishment order,163288C00-54,,750.0,Jan,W4,Cell-5,,-750,,,-750,
2024-11-26 00:18:39,W48,TDC,SO24004040,OEM Replenishment order,163288C00-54,,50.0,Jan,W4,Cell-5,,-50,,,-50,
2024-11-26 00:17:44,W48,PAN,SO24004037,OEM Replenishment order,163288C00-56,,400.0,Jan,W4,Cell-5,,-400,,,-400,
2024-11-26 00:17:44,W48,PAN,SO24004037,OEM Replenishment order,163288C00-58,,850.0,Jan,W4,Cell-5,,-850,,,-850,
2024-11-26 00:20:01,W48,UKD,SO24004043,OEM Essential Order,163288C00-58,,150.0,Jan,W4,Cell-5,,-150,,,-150,
2024-11-26 00:17:44,W48,PAN,SO24004037,OEM Replenishment order,163288C00-60,,500.0,Jan,W4,Cell-5,,-500,,,-500,
2024-11-26 00:18:39,W48,TDC,SO24004040,OEM Replenishment order,163288C00-60,,50.0,Jan,W4,Cell-5,,-50,,,-50,
2024-11-26 00:15:35,W48,EDC,SO24004030,OEM Replenishment order,263002C01,,1000.0,Jan,W4,Cell-1,,-1000,,,-1000,
2024-11-26 00:15:36,W48,EDC,SO24004030,OEM Replenishment order,263015C01,,900.0,Jan,W4,Cell-5,,-900,,,-900,
2024-11-26 00:18:39,W48,TDC,SO24004040,OEM Replenishment order,263280C00,,50.0,Jan,W4,Cell-5,,-50,,,-50,
2024-11-26 00:18:39,W48,TDC,SO24004040,OEM Replenishment order,263308C00,,50.0,Jan,W4,Cell-5,,-50,,,-50,
2024-11-26 00:18:36,W48,TDC,SO24004040,OEM Replenishment order,266317C01,,400.0,Jan,W4,Cell-5,,-400,,,-400,
2024-11-26 00:18:36,W48,TDC,SO24004040,OEM Replenishment order,368638C00-60,,50.0,Jan,W4,Cell-1,,-50,,,-50,
2024-11-26 00:17:46,W48,PAN,SO24004037,OEM Replenishment order,563317C00-1,,150.0,Jan,W4,Cell-1,,-150,,,-150,
2024-11-26 00:17:47,W48,PAN,SO24004037,OEM Replenishment order,563317C00-3,,50.0,Jan,W4,Cell-1,,-50,,,-50,
2024-11-26 00:17:47,W48,PAN,SO24004037,OEM Replenishment order,763366C01,,250.0,Jan,W4,Cell-1,,-250,,,-250,
2024-11-26 00:18:39,W48,TDC,SO24004040,OEM Replenishment order,763442C01,,200.0,Jan,W4,Cell-1,,-200,,,-200,
2024-11-26 00:15:37,W48,EDC,SO24004030,OEM Replenishment order,763624C01,,1750.0,Jan,W4,Cell-1,,-1750,,,-1750,
2024-11-26 00:19:08,W48,TDC,SO24004041,OEM Essential Order,763666C00,,300.0,Jan,W4,Cell-1,,-300,,,-300,
2024-12-03 00:00:00,W49,PAN,SO24004131,OEM Replenishment order,193158C01-56,,50.0,Jan,W5,Cell-5,,-50,,,-50,
2024-12-03 00:00:00,W49,PAN,SO24004131,OEM Replenishment order,193158C01-58,,50.0,Jan,W5,Cell-5,,-50,,,-50,
2024-12-03 00:00:00,W49,PAN,SO24004131,OEM Replenishment order,296317CZ,,2350.0,Jan,W5,Cell-5,,-2350,,,-2350,
2024-12-03 00:00:00,W49,TDC,SO24004225,OEM Replenishment order,296317CZ,,150.0,Jan,W5,Cell-5,,-150,,,-150,
2024-12-03 00:00:00,W49,PAN,SO24004131,OEM Replenishment order,296319CZ,,200.0,Jan,W5,Cell-5,,-200,,,-200,
2024-12-03 00:00:00,W49,EDC,SO24004128,OEM Essential Order,298307C00,,2600.0,Jan,W5,Cell-5,,-2600,,,-2600,
2024-12-03 00:00:00,W49,PAN,SO24004131,OEM Replenishment order,593317C00-2,,150.0,Jan,W5,Cell-5,,-150,,,-150,
2024-12-03 00:00:00,W49,PAN,SO24004131,OEM Replenishment order,593317C00-3,,100.0,Jan,W5,Cell-5,,-100,,,-100,
2024-12-03 00:00:00,W49,EDC,SO24004143,OEM 2025 Cycle C Pre ship,793785C01,,3941.0,Feb,W8,Cell-5,,-3941,,,-3941,
2024-12-03 00:00:00,W49,PAN,SO24004146,OEM 2025 Cycle C Pre ship,793785C01,,747.0,Feb,W8,Cell-5,,-747,,,-747,
2024-12-03 00:00:00,W49,TDC,SO24004154,OEM 2025 Cycle C Pre ship,793785C01,,273.0,Feb,W8,Cell-5,,-273,,,-273,
2024-12-03 00:00:00,W49,EDC,SO24004144,OEM 2025 Cycle C Global MF,793785C01,,15949.0,Mar,W10,Cell-5,,-15949,,,-15949,
2024-12-03 00:00:00,W49,EDC,SO24004145,OEM 2025 Cycle C Global MF,793785C01,,4707.0,Mar,W10,Cell-5,,-4707,,,-4707,
2024-12-03 00:00:00,W49,PAN,SO24004147,OEM 2025 Cycle C Global MF,793785C01,,6850.0,Mar,W10,Cell-5,,-6850,,,-6850,
2024-12-03 00:00:00,W49,PAN,SO24004148,OEM 2025 Cycle C Global MF,793785C01,,1647.0,Mar,W10,Cell-5,,-1647,,,-1647,
2024-12-03 00:00:00,W49,TDC,SO24004158,OEM 2025 Cycle C Global MF,793785C01,,335.0,Mar,W10,Cell-5,,-335,,,-335,
2024-12-03 00:00:00,W49,TDC,SO24004156,OEM 2025 Cycle C Global MF,793785C01,,2445.0,Mar,W10,Cell-5,,-2445,,,-2445,
2024-12-03 00:00:00,W49,UKD,SO24004174,OEM 2025 Cycle C Global MF,793785C01,,2925.0,Mar,W10,Cell-1,,-2925,,,-2925,
2024-12-03 00:00:00,W49,UKD,SO24004177,OEM 2025 Cycle C Global MF,793785C01,,909.0,Mar,W10,Cell-1,,-909,,,-909,
2024-12-03 00:00:00,W49,EDC,SO24004125,OEM Replenishment order,288307,,800.0,Jan,W5,Cell-5,,-800,,,-800,
2024-12-03 00:00:00,W49,EDC,SO24004125,OEM Replenishment order,286317C01,,300.0,Jan,W5,Cell-5,,-300,,,-300,
2024-12-03 00:00:00,W49,TDC,SO24004225,OEM Replenishment order,286317C01,,50.0,Jan,W5,Cell-5,,-50,,,-50,
2024-12-03 00:00:00,W49,PAN,SO24004131,OEM Replenishment order,286318CZ,,100.0,Jan,W5,Cell-5,,-100,,,-100,
2024-12-03 00:00:00,W49,PAN,SO24004131,OEM Replenishment order,163262C00-50,,100.0,Jan,W5,Cell-1,,-100,,,-100,
2024-12-03 00:00:00,W49,PAN,SO24004131,OEM Replenishment order,163262C00-52,,150.0,Jan,W5,Cell-1,,-150,,,-150,
2024-12-03 00:00:00,W49,TDC,SO24004225,OEM Replenishment order,163262C00-52,,50.0,Jan,W5,Cell-1,,-50,,,-50,
2024-12-03 00:00:00,W49,EDC,SO24004125,OEM Replenishment order,163262C00-54,,250.0,Jan,W5,Cell-1,,-250,,,-250,
2024-12-03 00:00:00,W49,PAN,SO24004131,OEM Replenishment order,163262C00-54,,400.0,Jan,W5,Cell-1,,-400,,,-400,
2024-12-03 00:00:00,W49,TDC,SO24004225,OEM Replenishment order,163262C00-54,,50.0,Jan,W5,Cell-1,,-50,,,-50,
2024-12-03 00:00:00,W49,PAN,SO24004131,OEM Replenishment order,163262C00-58,,250.0,Jan,W5,Cell-1,,-250,,,-250,
2024-12-03 00:00:00,W49,PAN,SO24004131,OEM Replenishment order,163285C01-48,,50.0,Jan,W5,Cell-1,,-50,,,-50,
2024-12-03 00:00:00,W49,TDC,SO24004225,OEM Replenishment order,163285C01-50,,50.0,Jan,W5,Cell-1,,-50,,,-50,
2024-12-03 00:00:00,W49,PAN,SO24004131,OEM Replenishment order,163285C01-58,,50.0,Jan,W5,Cell-1,,-50,,,-50,
2024-12-03 00:00:00,W49,EDC,SO24004125,OEM Replenishment order,163285C01-60,,50.0,Jan,W5,Cell-1,,-50,,,-50,
2024-12-03 00:00:00,W49,EDC,SO24004125,OEM Replenishment order,163288C00-48,,500.0,Jan,W5,Cell-5,,-500,,,-500,
2024-12-03 00:00:00,W49,EDC,SO24004125,OEM Replenishment order,163288C00-50,,1100.0,Jan,W5,Cell-5,,-1100,,,-1100,
2024-12-03 00:00:00,W49,EDC,SO24004125,OEM Replenishment order,163288C00-52,,1550.0,Jan,W5,Cell-5,,-1550,,,-1550,
2024-12-03 00:00:00,W49,PAN,SO24004131,OEM Replenishment order,163288C00-52,,50.0,Jan,W5,Cell-5,,-50,,,-50,
2024-12-03 00:00:00,W49,EDC,SO24004125,OEM Replenishment order,163288C00-54,,1900.0,Jan,W5,Cell-5,,-1900,,,-1900,
2024-12-03 00:00:00,W49,PAN,SO24004131,OEM Replenishment order,163288C00-54,,250.0,Jan,W5,Cell-5,,-250,,,-250,
2024-12-03 00:00:00,W49,TDC,SO24004225,OEM Replenishment order,163288C00-54,,50.0,Jan,W5,Cell-5,,-50,,,-50,
2024-12-03 00:00:00,W49,EDC,SO24004125,OEM Replenishment order,163288C00-56,,1550.0,Jan,W5,Cell-5,,-1550,,,-1550,
2024-12-03 00:00:00,W49,EDC,SO24004125,OEM Replenishment order,163288C00-58,,1050.0,Jan,W5,Cell-5,,-1050,,,-1050,
2024-12-03 00:00:00,W49,EDC,SO24004125,OEM Replenishment order,163288C00-60,,300.0,Jan,W5,Cell-5,,-300,,,-300,
2024-12-03 00:00:00,W49,EDC,SO24004125,OEM Replenishment order,163686C01-44,,50.0,Jan,W5,Cell-5,,-50,,,-50,
2024-12-03 00:00:00,W49,EDC,SO24004125,OEM Replenishment order,163686C01-46,,50.0,Jan,W5,Cell-5,,-50,,,-50,
2024-12-03 00:00:00,W49,EDC,SO24004125,OEM Replenishment order,163686C01-48,,50.0,Jan,W5,Cell-5,,-50,,,-50,
2024-12-03 00:00:00,W49,EDC,SO24004125,OEM Replenishment order,163686C01-50,,150.0,Jan,W5,Cell-5,,-150,,,-150,
2024-12-03 00:00:00,W49,PAN,SO24004131,OEM Replenishment order,163686C01-50,,50.0,Jan,W5,Cell-5,,-50,,,-50,
2024-12-03 00:00:00,W49,EDC,SO24004125,OEM Replenishment order,163686C01-58,,100.0,Jan,W5,Cell-5,,-100,,,-100,
2024-12-03 00:00:00,W49,PAN,SO24004131,OEM Replenishment order,163686C01-58,,50.0,Jan,W5,Cell-5,,-50,,,-50,
2024-12-03 00:00:00,W49,UKD,SO24004134,OEM Replenishment order,163686C01-58,,50.0,Jan,W5,Cell-5,,-50,,,-50,
2024-12-03 00:00:00,W49,EDC,SO24004125,OEM Replenishment order,163686C01-60,,100.0,Jan,W5,Cell-5,,-100,,,-100,
2024-12-03 00:00:00,W49,PAN,SO24004131,OEM Replenishment order,163686C01-60,,50.0,Jan,W5,Cell-5,,-50,,,-50,
2024-12-03 00:00:00,W49,UKD,SO24004134,OEM Replenishment order,163686C01-60,,50.0,Jan,W5,Cell-5,,-50,,,-50,
2024-12-03 00:00:00,W49,EDC,SO24004125,OEM Replenishment order,163686C01-62,,50.0,Jan,W5,Cell-5,,-50,,,-50,
2024-12-03 00:00:00,W49,PAN,SO24004131,OEM Replenishment order,163686C01-62,,50.0,Jan,W5,Cell-5,,-50,,,-50,
2024-12-03 00:00:00,W49,EDC,SO24004125,OEM Replenishment order,163686C01-64,,50.0,Jan,W5,Cell-5,,-50,,,-50,
2024-12-03 00:00:00,W49,EDC,SO24004125,OEM Replenishment order,262442C01,,50.0,Jan,W5,Cell-5,,-50,,,-50,
2024-12-03 00:00:00,W49,EDC,SO24004125,OEM Replenishment order,263002C01,,850.0,Jan,W5,Cell-5,,-850,,,-850,
2024-12-03 00:00:00,W49,EDC,SO24004125,OEM Replenishment order,263015C01,,3200.0,Jan,W5,Cell-5,,-3200,,,-3200,
2024-12-03 00:00:00,W49,PAN,SO24004131,OEM Replenishment order,263280C00,,500.0,Jan,W5,Cell-5,,-500,,,-500,
2024-12-03 00:00:00,W49,TDC,SO24004133,OEM Essential Order,263280C00,,100.0,Jan,W5,Cell-5,,-100,,,-100,
2024-12-03 00:00:00,W49,EDC,SO24004125,OEM Replenishment order,266317C01,,1500.0,Jan,W5,Cell-5,,-1500,,,-1500,
2024-12-03 00:00:00,W49,PAN,SO24004131,OEM Replenishment order,266317C01,,450.0,Jan,W5,Cell-5,,-450,,,-450,
2024-12-03 00:00:00,W49,TDC,SO24004225,OEM Replenishment order,266317C01,,350.0,Jan,W5,Cell-5,,-350,,,-350,
2024-12-03 00:00:00,W49,TDC,SO24004225,OEM Replenishment order,368638C00-60,,150.0,Jan,W5,Cell-1,,-150,,,-150,
2024-12-03 00:00:00,W49,EDC,SO24004125,OEM Replenishment order,563302C00-1,,50.0,Jan,W5,Cell-1,,-50,,,-50,
2024-12-03 00:00:00,W49,PAN,SO24004131,OEM Replenishment order,563302C00-1,,100.0,Jan,W5,Cell-1,,-100,,,-100,
2024-12-03 00:00:00,W49,TDC,SO24004225,OEM Replenishment order,563302C00-3,,50.0,Jan,W5,Cell-1,,-50,,,-50,
2024-12-03 00:00:00,W49,EDC,SO24004125,OEM Replenishment order,563317C00-1,,100.0,Jan,W5,Cell-1,,-100,,,-100,
2024-12-03 00:00:00,W49,EDC,SO24004125,OEM Replenishment order,760765C01,,550.0,Jan,W5,Cell-5,,-550,,,-550,
2024-12-03 00:00:00,W49,TDC,SO24004133,OEM Essential Order,762435C01,,50.0,Jan,W5,Cell-5,,-50,,,-50,
2024-12-03 00:00:00,W49,EDC,SO24004125,OEM Replenishment order,763055C00,,4100.0,Jan,W5,Cell-5,,-4100,,,-4100,
2024-12-03 00:00:00,W49,PAN,SO24004131,OEM Replenishment order,763622C01,,1800.0,Jan,W5,Cell-5,,-1800,,,-1800,
2024-12-03 00:00:00,W49,EDC,SO24004128,OEM Essential Order,763666C00,,6400.0,Jan,W5,Cell-5,,-6400,,,-6400,
2024-12-03 00:00:00,W49,EDC,SO24004143,OEM 2025 Cycle C Pre ship,763785C01,,2661.0,Feb,W8,Cell-5,,-2661,,,-2661,
2024-12-03 00:00:00,W49,PAN,SO24004146,OEM 2025 Cycle C Pre ship,763785C01,,822.0,Feb,W8,Cell-5,,-822,,,-822,
2024-12-03 00:00:00,W49,TDC,SO24004154,OEM 2025 Cycle C Pre ship,763785C01,,97.0,Feb,W8,Cell-5,,-97,,,-97,
2024-12-03 00:00:00,W49,EDC,SO24004144,OEM 2025 Cycle C Global MF,763785C01,,7257.0,Mar,W10,Cell-5,,-7257,,,-7257,
2024-12-03 00:00:00,W49,EDC,SO24004145,OEM 2025 Cycle C Global MF,763785C01,,2152.0,Mar,W10,Cell-5,,-2152,,,-2152,
2024-12-03 00:00:00,W49,PAN,SO24004147,OEM 2025 Cycle C Global MF,763785C01,,7048.0,Mar,W10,Cell-5,,-7048,,,-7048,
2024-12-03 00:00:00,W49,PAN,SO24004148,OEM 2025 Cycle C Global MF,763785C01,,1898.0,Mar,W10,Cell-5,,-1898,,,-1898,
2024-12-03 00:00:00,W49,TDC,SO24004158,OEM 2025 Cycle C Global MF,763785C01,,274.0,Mar,W10,Cell-5,,-274,,,-274,
2024-12-03 00:00:00,W49,TDC,SO24004156,OEM 2025 Cycle C Global MF,763785C01,,2111.0,Mar,W10,Cell-5,,-2111,,,-2111,
2024-12-03 00:00:00,W49,UKD,SO24004174,OEM 2025 Cycle C Global MF,763785C01,,2586.0,Mar,W10,Cell-1,,-2586,,,-2586,
2024-12-03 00:00:00,W49,UKD,SO24004177,OEM 2025 Cycle C Global MF,763785C01,,230.0,Mar,W10,Cell-1,,-230,,,-230,
2024-12-11 00:00:00,W50,PAN,SO24004373,OEM Replenishment order,193158C01-50,,50.0,Feb,W6,Cell-5,,-50,,,-50,
2024-12-11 00:00:00,W50,PAN,SO24004373,OEM Replenishment order,193158C01-52,,50.0,Feb,W6,Cell-5,,-50,,,-50,
2024-12-11 00:00:00,W50,PAN,SO24004373,OEM Replenishment order,193158C01-54,,50.0,Feb,W6,Cell-5,,-50,,,-50,
2024-12-11 00:00:00,W50,PAN,SO24004373,OEM Replenishment order,193158C01-56,,50.0,Feb,W6,Cell-5,,-50,,,-50,
2024-12-11 00:00:00,W50,EDC,SO24004369,OEM Replenishment order,193158C01-58,,50.0,Feb,W6,Cell-5,,-50,,,-50,
2024-12-11 00:00:00,W50,PAN,SO24004373,OEM Replenishment order,193158C01-58,,100.0,Feb,W6,Cell-5,,-100,,,-100,
2024-12-11 00:00:00,W50,PAN,SO24004373,OEM Replenishment order,196316CZ-64,,550.0,Feb,W5,Cell-5,,-550,,,-550,
2024-12-11 00:00:00,W50,TDC,SO24004375,OEM Replenishment order,196316CZ-64,,100.0,Feb,W5,Cell-5,,-100,,,-100,
2024-12-11 00:00:00,W50,TDC,SO24004375,OEM Replenishment order,293171C01,,50.0,Feb,W6,Cell-5,,-50,,,-50,
2024-12-11 00:00:00,W50,EDC,SO24004369,OEM Replenishment order,296317CZ,,850.0,Feb,W6,Cell-5,,-850,,,-850,
2024-12-11 00:00:00,W50,PAN,SO24004373,OEM Replenishment order,296317CZ,,1000.0,Feb,W6,Cell-5,,-1000,,,-1000,
2024-12-11 00:00:00,W50,TDC,SO24004375,OEM Replenishment order,296317CZ,,1700.0,Feb,W6,Cell-5,,-1700,,,-1700,
2024-12-11 00:00:00,W50,TDC,SO24004375,OEM Replenishment order,296319CZ,,200.0,Feb,W6,Cell-5,,-200,,,-200,
2024-12-11 00:00:00,W50,UKD,SO24004379,OEM Essential Order,296319CZ,,750.0,Feb,W6,Cell-5,,-750,,,-750,
2024-12-11 00:00:00,W50,UKD,SO24004378,OEM Replenishment order,298307C00,,2500.0,Feb,W6,Cell-5,,-2500,,,-2500,
2024-12-11 00:00:00,W50,TDC,SO24004375,OEM Replenishment order,593317C00-1,,100.0,Feb,W6,Cell-5,,-100,,,-100,
2024-12-11 00:00:00,W50,PAN,SO24004373,OEM Replenishment order,593317C00-2,,100.0,Feb,W6,Cell-5,,-100,,,-100,
2024-12-11 00:00:00,W50,TDC,SO24004375,OEM Replenishment order,593317C00-2,,100.0,Feb,W6,Cell-5,,-100,,,-100,
2024-12-11 00:00:00,W50,UKD,SO24004378,OEM Replenishment order,593317C00-2,,150.0,Feb,W6,Cell-5,,-150,,,-150,
2024-12-11 00:00:00,W50,PAN,SO24004373,OEM Replenishment order,593317C00-3,,50.0,Feb,W6,Cell-5,,-50,,,-50,
2024-12-11 00:00:00,W50,TDC,SO24004375,OEM Replenishment order,593317C00-3,,100.0,Feb,W6,Cell-5,,-100,,,-100,
2024-12-11 00:00:00,W50,UKD,SO24004378,OEM Replenishment order,593317C00-3,,150.0,Feb,W6,Cell-5,,-150,,,-150,
2024-12-11 00:00:00,W50,TDC,SO24004375,OEM Replenishment order,799015C01,,250.0,Feb,W4,Cell-5,,-250,,,-250,
2024-12-11 00:00:00,W50,EDC,SO24004369,OEM Replenishment order,288307,,1250.0,Feb,W6,Cell-5,,-1250,,,-1250,
2024-12-11 00:00:00,W50,TDC,SO24004375,OEM Replenishment order,288307,,200.0,Feb,W6,Cell-5,,-200,,,-200,
2024-12-11 00:00:00,W50,EDC,SO24004369,OEM Replenishment order,286317C01,,450.0,Feb,W6,Cell-5,,-450,,,-450,
2024-12-11 00:00:00,W50,PAN,SO24004373,OEM Replenishment order,286317C01,,550.0,Feb,W6,Cell-5,,-550,,,-550,
2024-12-11 00:00:00,W50,TDC,SO24004375,OEM Replenishment order,286317C01,,250.0,Feb,W6,Cell-5,,-250,,,-250,
2024-12-11 00:00:00,W50,PAN,SO24004373,OEM Replenishment order,286318CZ,,900.0,Feb,W6,Cell-1,,-900,,,-900,
2024-12-11 00:00:00,W50,PAN,SO24004373,OEM Replenishment order,163262C00-48,,100.0,Feb,W6,Cell-1,,-100,,,-100,
2024-12-11 00:00:00,W50,PAN,SO24004373,OEM Replenishment order,163262C00-50,,250.0,Feb,W6,Cell-1,,-250,,,-250,
2024-12-11 00:00:00,W50,EDC,SO24004369,OEM Replenishment order,163262C00-52,,200.0,Feb,W6,Cell-1,,-200,,,-200,
2024-12-11 00:00:00,W50,PAN,SO24004373,OEM Replenishment order,163262C00-52,,350.0,Feb,W6,Cell-1,,-350,,,-350,
2024-12-11 00:00:00,W50,TDC,SO24004375,OEM Replenishment order,163262C00-52,,50.0,Feb,W6,Cell-1,,-50,,,-50,
2024-12-11 00:00:00,W50,UKD,SO24004378,OEM Replenishment order,163262C00-52,,50.0,Feb,W6,Cell-1,,-50,,,-50,
2024-12-11 00:00:00,W50,EDC,SO24004369,OEM Replenishment order,163262C00-54,,450.0,Feb,W6,Cell-1,,-450,,,-450,
2024-12-11 00:00:00,W50,PAN,SO24004373,OEM Replenishment order,163262C00-54,,600.0,Feb,W6,Cell-1,,-600,,,-600,
2024-12-11 00:00:00,W50,TDC,SO24004375,OEM Replenishment order,163262C00-54,,50.0,Feb,W6,Cell-1,,-50,,,-50,
2024-12-11 00:00:00,W50,EDC,SO24004369,OEM Replenishment order,163262C00-56,,150.0,Feb,W6,Cell-1,,-150,,,-150,
2024-12-11 00:00:00,W50,PAN,SO24004373,OEM Replenishment order,163262C00-56,,200.0,Feb,W6,Cell-1,,-200,,,-200,
2024-12-11 00:00:00,W50,TDC,SO24004375,OEM Replenishment order,163262C00-56,,50.0,Feb,W6,Cell-1,,-50,,,-50,
2024-12-11 00:00:00,W50,EDC,SO24004369,OEM Replenishment order,163262C00-58,,100.0,Feb,W6,Cell-1,,-100,,,-100,
2024-12-11 00:00:00,W50,PAN,SO24004373,OEM Replenishment order,163262C00-58,,350.0,Feb,W6,Cell-1,,-350,,,-350,
2024-12-11 00:00:00,W50,UKD,SO24004378,OEM Replenishment order,163262C00-58,,100.0,Feb,W6,Cell-1,,-100,,,-100,
2024-12-11 00:00:00,W50,PAN,SO24004373,OEM Replenishment order,163262C00-60,,150.0,Feb,W6,Cell-1,,-150,,,-150,
2024-12-11 00:00:00,W50,PAN,SO24004373,OEM Replenishment order,163285C01-48,,50.0,Feb,W6,Cell-1,,-50,,,-50,
2024-12-11 00:00:00,W50,PAN,SO24004373,OEM Replenishment order,163285C01-50,,50.0,Feb,W6,Cell-1,,-50,,,-50,
2024-12-11 00:00:00,W50,PAN,SO24004373,OEM Replenishment order,163285C01-56,,50.0,Feb,W6,Cell-1,,-50,,,-50,
2024-12-11 00:00:00,W50,PAN,SO24004373,OEM Replenishment order,163285C01-58,,50.0,Feb,W6,Cell-1,,-50,,,-50,
2024-12-11 00:00:00,W50,EDC,SO24004369,OEM Replenishment order,163288C00-48,,200.0,Feb,W6,Cell-5,,-200,,,-200,
2024-12-11 00:00:00,W50,TDC,SO24004375,OEM Replenishment order,163288C00-48,,100.0,Feb,W6,Cell-5,,-100,,,-100,
2024-12-11 00:00:00,W50,EDC,SO24004369,OEM Replenishment order,163288C00-50,,550.0,Feb,W6,Cell-5,,-550,,,-550,
2024-12-11 00:00:00,W50,PAN,SO24004373,OEM Replenishment order,163288C00-50,,250.0,Feb,W6,Cell-5,,-250,,,-250,
2024-12-11 00:00:00,W50,TDC,SO24004375,OEM Replenishment order,163288C00-50,,50.0,Feb,W6,Cell-5,,-50,,,-50,
2024-12-11 00:00:00,W50,EDC,SO24004369,OEM Replenishment order,163288C00-52,,900.0,Feb,W6,Cell-5,,-900,,,-900,
2024-12-11 00:00:00,W50,PAN,SO24004373,OEM Replenishment order,163288C00-52,,550.0,Feb,W6,Cell-5,,-550,,,-550,
2024-12-11 00:00:00,W50,TDC,SO24004375,OEM Replenishment order,163288C00-52,,50.0,Feb,W6,Cell-5,,-50,,,-50,
2024-12-11 00:00:00,W50,UKD,SO24004378,OEM Replenishment order,163288C00-52,,50.0,Feb,W6,Cell-5,,-50,,,-50,
2024-12-11 00:00:00,W50,EDC,SO24004369,OEM Replenishment order,163288C00-54,,900.0,Feb,W6,Cell-5,,-900,,,-900,
2024-12-11 00:00:00,W50,PAN,SO24004373,OEM Replenishment order,163288C00-54,,900.0,Feb,W6,Cell-5,,-900,,,-900,
2024-12-11 00:00:00,W50,EDC,SO24004369,OEM Replenishment order,163288C00-56,,800.0,Feb,W6,Cell-5,,-800,,,-800,
2024-12-11 00:00:00,W50,PAN,SO24004373,OEM Replenishment order,163288C00-56,,500.0,Feb,W6,Cell-5,,-500,,,-500,
2024-12-11 00:00:00,W50,TDC,SO24004375,OEM Replenishment order,163288C00-56,,50.0,Feb,W6,Cell-5,,-50,,,-50,
2024-12-11 00:00:00,W50,EDC,SO24004369,OEM Replenishment order,163288C00-58,,500.0,Feb,W6,Cell-5,,-500,,,-500,
2024-12-11 00:00:00,W50,PAN,SO24004373,OEM Replenishment order,163288C00-58,,500.0,Feb,W6,Cell-5,,-500,,,-500,
2024-12-11 00:00:00,W50,UKD,SO24004378,OEM Replenishment order,163288C00-58,,50.0,Feb,W6,Cell-5,,-50,,,-50,
2024-12-11 00:00:00,W50,EDC,SO24004369,OEM Replenishment order,163288C00-60,,400.0,Feb,W6,Cell-5,,-400,,,-400,
2024-12-11 00:00:00,W50,PAN,SO24004373,OEM Replenishment order,163288C00-60,,500.0,Feb,W6,Cell-5,,-500,,,-500,
2024-12-11 00:00:00,W50,EDC,SO24004369,OEM Replenishment order,163686C01-44,,50.0,Feb,W6,Cell-1,,-50,,,-50,
2024-12-11 00:00:00,W50,EDC,SO24004369,OEM Replenishment order,163686C01-46,,50.0,Feb,W6,Cell-5,,-50,,,-50,
2024-12-11 00:00:00,W50,UKD,SO24004378,OEM Replenishment order,163686C01-46,,50.0,Feb,W6,Cell-5,,-50,,,-50,
2024-12-11 00:00:00,W50,EDC,SO24004369,OEM Replenishment order,163686C01-48,,50.0,Feb,W6,Cell-1,,-50,,,-50,
2024-12-11 00:00:00,W50,UKD,SO24004378,OEM Replenishment order,163686C01-48,,50.0,Feb,W6,Cell-1,,-50,,,-50,
2024-12-11 00:00:00,W50,EDC,SO24004369,OEM Replenishment order,163686C01-50,,50.0,Feb,W6,Cell-5,,-50,,,-50,
2024-12-11 00:00:00,W50,PAN,SO24004373,OEM Replenishment order,163686C01-50,,50.0,Feb,W6,Cell-5,,-50,,,-50,
2024-12-11 00:00:00,W50,UKD,SO24004378,OEM Replenishment order,163686C01-50,,50.0,Feb,W6,Cell-5,,-50,,,-50,
2024-12-11 00:00:00,W50,EDC,SO24004369,OEM Replenishment order,163686C01-58,,50.0,Feb,W6,Cell-1,,-50,,,-50,
2024-12-11 00:00:00,W50,PAN,SO24004373,OEM Replenishment order,163686C01-58,,100.0,Feb,W6,Cell-1,,-100,,,-100,
2024-12-11 00:00:00,W50,UKD,SO24004378,OEM Replenishment order,163686C01-58,,50.0,Feb,W6,Cell-1,,-50,,,-50,
2024-12-11 00:00:00,W50,EDC,SO24004369,OEM Replenishment order,163686C01-60,,50.0,Feb,W6,Cell-5,,-50,,,-50,
2024-12-11 00:00:00,W50,PAN,SO24004373,OEM Replenishment order,163686C01-60,,50.0,Feb,W6,Cell-5,,-50,,,-50,
2024-12-11 00:00:00,W50,UKD,SO24004378,OEM Replenishment order,163686C01-60,,50.0,Feb,W6,Cell-5,,-50,,,-50,
2024-12-11 00:00:00,W50,EDC,SO24004369,OEM Replenishment order,163686C01-62,,50.0,Feb,W6,Cell-5,,-50,,,-50,
2024-12-11 00:00:00,W50,UKD,SO24004378,OEM Replenishment order,163686C01-62,,50.0,Feb,W6,Cell-5,,-50,,,-50,
2024-12-11 00:00:00,W50,EDC,SO24004369,OEM Replenishment order,163686C01-64,,50.0,Feb,W6,Cell-5,,-50,,,-50,
2024-12-11 00:00:00,W50,PAN,SO24004373,OEM Replenishment order,163686C01-64,,50.0,Feb,W6,Cell-5,,-50,,,-50,
2024-12-11 00:00:00,W50,UKD,SO24004378,OEM Replenishment order,163686C01-64,,50.0,Feb,W6,Cell-5,,-50,,,-50,
2024-12-11 00:00:00,W50,EDC,SO24004369,OEM Replenishment order,169591C00-48,,50.0,Feb,W6,Cell-5,,-50,,,-50,
2024-12-11 00:00:00,W50,EDC,SO24004369,OEM Replenishment order,169591C00-54,,50.0,Feb,W6,Cell-5,,-50,,,-50,
2024-12-11 00:00:00,W50,EDC,SO24004369,OEM Replenishment order,169591C00-62,,50.0,Feb,W6,Cell-5,,-50,,,-50,
2024-12-11 00:00:00,W50,EDC,SO24004369,OEM Replenishment order,262442C01,,100.0,Feb,W6,Cell-5,,-100,,,-100,
2024-12-11 00:00:00,W50,TDC,SO24004375,OEM Replenishment order,263002C01,,100.0,Feb,W6,Cell-1,,-100,,,-100,
2024-12-11 00:00:00,W50,UKD,SO24004378,OEM Replenishment order,263002C01,,300.0,Feb,W6,Cell-1,,-300,,,-300,
2024-12-11 00:00:00,W50,TDC,SO24004375,OEM Replenishment order,263015C01,,500.0,Feb,W6,Cell-5,,-500,,,-500,
2024-12-11 00:00:00,W50,EDC,SO24004369,OEM Replenishment order,263170C01,,100.0,Feb,W6,Cell-5,,-100,,,-100,
2024-12-11 00:00:00,W50,EDC,SO24004369,OEM Replenishment order,263280C00,,400.0,Feb,W6,Cell-5,,-400,,,-400,
2024-12-11 00:00:00,W50,PAN,SO24004373,OEM Replenishment order,263280C00,,750.0,Feb,W6,Cell-5,,-750,,,-750,
2024-12-11 00:00:00,W50,TDC,SO24004375,OEM Replenishment order,263280C00,,50.0,Feb,W6,Cell-5,,-50,,,-50,
2024-12-11 00:00:00,W50,EDC,SO24004369,OEM Replenishment order,263287C00,,200.0,Feb,W6,Cell-5,,-200,,,-200,
2024-12-11 00:00:00,W50,EDC,SO24004369,OEM Replenishment order,263308C00,,100.0,Feb,W6,Cell-5,,-100,,,-100,
2024-12-11 00:00:00,W50,PAN,SO24004373,OEM Replenishment order,263308C00,,50.0,Feb,W6,Cell-5,,-50,,,-50,
2024-12-11 00:00:00,W50,TDC,SO24004375,OEM Replenishment order,263308C00,,50.0,Feb,W6,Cell-5,,-50,,,-50,
2024-12-11 00:00:00,W50,EDC,SO24004369,OEM Replenishment order,266317C01,,400.0,Feb,W6,Cell-5,,-400,,,-400,
2024-12-11 00:00:00,W50,PAN,SO24004373,OEM Replenishment order,266317C01,,2350.0,Feb,W6,Cell-5,,-2350,,,-2350,
2024-12-11 00:00:00,W50,TDC,SO24004375,OEM Replenishment order,266317C01,,450.0,Feb,W6,Cell-5,,-450,,,-450,
2024-12-11 00:00:00,W50,UKD,SO24004378,OEM Replenishment order,266317C01,,850.0,Feb,W6,Cell-5,,-850,,,-850,
2024-12-11 00:00:00,W50,UKD,SO24004379,OEM Essential Order,368638C00-60,,400.0,Feb,W6,Cell-1,,-400,,,-400,
2024-12-11 00:00:00,W50,PAN,SO24004373,OEM Replenishment order,563302C00-1,,100.0,Feb,W6,Cell-1,,-100,,,-100,
2024-12-11 00:00:00,W50,PAN,SO24004373,OEM Replenishment order,563302C00-2,,50.0,Feb,W6,Cell-1,,-50,,,-50,
2024-12-11 00:00:00,W50,EDC,SO24004369,OEM Replenishment order,563317C00-1,,150.0,Feb,W6,Cell-1,,-150,,,-150,
2024-12-11 00:00:00,W50,PAN,SO24004373,OEM Replenishment order,563317C00-1,,150.0,Feb,W6,Cell-1,,-150,,,-150,
2024-12-11 00:00:00,W50,TDC,SO24004375,OEM Replenishment order,563317C00-1,,100.0,Feb,W6,Cell-1,,-100,,,-100,
2024-12-11 00:00:00,W50,EDC,SO24004369,OEM Replenishment order,563317C00-2,,50.0,Feb,W6,Cell-1,,-50,,,-50,
2024-12-11 00:00:00,W50,PAN,SO24004373,OEM Replenishment order,563317C00-2,,300.0,Feb,W6,Cell-1,,-300,,,-300,
2024-12-11 00:00:00,W50,TDC,SO24004375,OEM Replenishment order,563317C00-2,,200.0,Feb,W6,Cell-1,,-200,,,-200,
2024-12-11 00:00:00,W50,EDC,SO24004369,OEM Replenishment order,563317C00-3,,200.0,Feb,W6,Cell-1,,-200,,,-200,
2024-12-11 00:00:00,W50,PAN,SO24004373,OEM Replenishment order,563317C00-3,,250.0,Feb,W6,Cell-1,,-250,,,-250,
2024-12-11 00:00:00,W50,EDC,SO24004369,OEM Replenishment order,763055C00,,1000.0,Feb,W6,Cell-5,,-1000,,,-1000,
2024-12-11 00:00:00,W50,UKD,SO24004378,OEM Replenishment order,763055C00,,750.0,Feb,W6,Cell-5,,-750,,,-750,
2024-12-11 00:00:00,W50,EDC,SO24004369,OEM Replenishment order,763366C01,,400.0,Feb,W6,Cell-5,,-400,,,-400,
2024-12-11 00:00:00,W50,PAN,SO24004373,OEM Replenishment order,763366C01,,300.0,Feb,W6,Cell-5,,-300,,,-300,
2024-12-11 00:00:00,W50,TDC,SO24004375,OEM Replenishment order,763622C01,,300.0,Feb,W6,Cell-5,,-300,,,-300,
2024-12-11 00:00:00,W50,UKD,SO24004378,OEM Replenishment order,763622C01,,550.0,Feb,W6,Cell-5,,-550,,,-550,
2024-12-11 00:00:00,W50,UKD,SO24004378,OEM Replenishment order,763666C00,,600.0,Feb,W6,Cell-5,,-600,,,-600,
